name,address,score,reviews count,avg price,province,description images
Quán Cơm Quế Phát,22A Trần Nhật Duật,"4,2","1,6 N",1-100.000 ₫,An Giang,"https://lh5.googleusercontent.com/p/AF1QipNP5jHkjW1JXj1lSuNFO6LVozfx9B1Fc1YSEPCz, https://lh5.googleusercontent.com/p/AF1QipNEom8fwxps4ENfTyABcm0SW8bz2mTZoMm59hQj, "
Lẩu trâu Kiều Thu,122 Đ. Phó Đức Chính,"4,2","1,1 N",100.000-200.000 ₫,An Giang,"https://lh5.googleusercontent.com/p/AF1QipMZyOc0EjxtSwZESGRm9QyHuiGNeIuSxSnH7tlR, https://lh5.googleusercontent.com/p/AF1QipO8wg73Q0MgD93LlF1eCe7v9XZzrB2OOPT3jkxX, "
Cơm tấm Cây Điệp,67 Lý Tự Trọng,"4,1",653,1-100.000 ₫,An Giang,"https://lh5.googleusercontent.com/p/AF1QipNIdracVg7qktFuLp4EXCMPO3U29PCrVMbYY0mz, https://lh5.googleusercontent.com/p/AF1QipMFRE6pb4IlpiL14HTi_dBG3R09u7HOBqR8vZhc, "
Đu đủ đâm RINA,An Giang,"4,4",562,1-100.000 ₫,An Giang,"https://lh5.googleusercontent.com/p/AF1QipO1zrUbfWUwZX5MPOwlYTlHuagafP5xQxSaTZIQ, https://lh5.googleusercontent.com/p/AF1QipMINmKFK0nWbw7yx9h894p0_LTvZ8s_HOBBoEs0, "
Nhà hàng Thắng Lợi 1,Số 01 Đ. Lê Hồng Phong,"3,8",958,None,An Giang,"https://lh5.googleusercontent.com/p/AF1QipOAaKSuOYw2IDVoxbFnFUlLpfkxuegDUMSek-CB, https://lh5.googleusercontent.com/p/AF1QipOY2XilYgkDxbrfKJtAQ_4rzNAvjSuJ1KFXievO, "
Lẩu mắm Hiếu Miênn,5D Lê Lai,"4,4",410,100.000-200.000 ₫,An Giang,"https://lh5.googleusercontent.com/p/AF1QipMrRTP4gbbdIMzt5mu573fshC4AB5mT91kX6mQ, https://lh5.googleusercontent.com/p/AF1QipPGg0yPvxMsJkBS6MAQhvNJS2BppOezRhOGt26R, "
Nhà hàng Khoa Trí,12 F1 Lạc Long Quân,"4,1",565,1-200.000 ₫,An Giang,"https://lh5.googleusercontent.com/p/AF1QipO_inPR5RuhiKSqEU1q2sNbv9PoRWRVUiMCP2tI, https://lh5.googleusercontent.com/p/AF1QipOp9rkgwPHKhUxwPMFIFnYwQMW5UI5YEmCZIshh, "
Quán Làng Tôi,32 Trần Nhật Duật,"4,1",314,300.000-400.000 ₫,An Giang,"https://lh5.googleusercontent.com/p/AF1QipOumBaifQ-ScNXOJ6UgIIvwg2FtY45SwHtDRF7r, https://lh5.googleusercontent.com/p/AF1QipMZGfUK-aB7kRrY8Ynh3Bbi0oJP0Ex30wdCH_JP, "
Cơm tấm Hướng Dương - Long Xuyên,20-22-24 Phan Đình Phùng,"3,7",594,1-100.000 ₫,An Giang,"https://lh5.googleusercontent.com/p/AF1QipPGVB_6WOgSD25YxDcbZ7zHW4KZ7Z-6rNeYvNLq, https://lh5.googleusercontent.com/p/AF1QipO9HuuIdHiz5GYSlXO-ectrp0Ru3AgLc5S8orOn, "
Quán Bò Tư Thiêng,654 Tổ 6,"4,0",147,100.000-200.000 ₫,An Giang,"https://lh5.googleusercontent.com/p/AF1QipOqk29ByMHJd9I1mUap1YZXHq9JN-zaYp2ea1EG, https://lh5.googleusercontent.com/p/AF1QipP0opM0j-gEo1OezEMQ6opS-ROpYQB38OIxFD0m, "
Lộc Vừng Quán,175 Đường Trưng Nữ Vương,"4,0",141,200.000-300.000 ₫,An Giang,"https://lh5.googleusercontent.com/p/AF1QipO3zXzL-LQI-OUJz4qgjMoXnrxX9Q-lccu4zQN-, https://lh5.googleusercontent.com/p/AF1QipNUAbGcfsaIFFPks9jlZAGGXD2EiWYx-reKZPDT, "
Tiệm Cơm Bảy Bồng 2,121 Trưng Nữ Vương,"4,1","2,3 N",100.000-200.000 ₫,An Giang,"https://lh5.googleusercontent.com/p/AF1QipM11b2wlcRqWGRxzoJEltkYpplwzvjTGOd-cjw, https://lh5.googleusercontent.com/p/AF1QipOaXsHG8lEynoz5uaWbbpu5LjgkMBkSjyNbyZ7q, "
Quán Ăn Thái Thành,An Giang,"4,1",130,100.000-200.000 ₫,An Giang,"https://lh5.googleusercontent.com/p/AF1QipNVWDS5uwXcEVcpeUuwbdKI7IEaZqCQMrQi40WA, https://lh5.googleusercontent.com/p/AF1QipM9OuB-R9zPACIxISdUPpbfXIYot4VoMZasMZ2h, "
Quán bò Trường Nhựt,M3HC+2PJ,"4,4",118,100.000-200.000 ₫,An Giang,"https://lh5.googleusercontent.com/p/AF1QipNGXNoRwjJPn0Q300yIRSxqun_w_Ya-gyUsM9nh, https://lh5.googleusercontent.com/p/AF1QipN1hC5dgtTIbkXrAearFJOHynV0thV2A6kwj0uG, "
Quán Phở HOÀ,"9CGR+PFV, Lý Thái Tổ","4,0",237,1-100.000 ₫,An Giang,"https://lh5.googleusercontent.com/p/AF1QipN6SLV6pBpo-5W5BVK3yWaOBbwlcCDP0cEKO_ix, https://lh5.googleusercontent.com/p/AF1QipNHCu_AZVldU7uCpMX0J8vYJhl563lBwkrvXsco, "
Nhà Hàng Long Xuyên,"9CMR+23J, Lương Văn Cù","4,0",233,100.000-200.000 ₫,An Giang,"https://lh5.googleusercontent.com/p/AF1QipNYUWRor1M0TPL0M2V0uM0MN2bYuYbobfiHiQ5Q, https://lh5.googleusercontent.com/p/AF1QipM4lp_8H0AEizEGBsmBOD9QjzhHV7uFTLOIHsBl, "
Quán Cơm Thanh Truyền,"Q6WQ+WH7, Đường Nguyễn Tri Phương","4,2",99,1-100.000 ₫,An Giang,"https://lh5.googleusercontent.com/p/AF1QipMt1iXln4aH0SSHQV-VP4otKh4-cKbgay6UNbhL, https://lh5.googleusercontent.com/p/AF1QipPjuHd_mUVgig-cWIb1SGCuN4vgJBfVaddF-N8N, "
Hội Quán Châu Đốc,68 Hoàng Diệu,"4,3",725,100.000-200.000 ₫,An Giang,"https://lh5.googleusercontent.com/p/AF1QipPQzUGTgoQrggpQskfQadCtMj3qidks_j99zhu8, https://lh5.googleusercontent.com/p/AF1QipNZdlbCvcsiiv4yTp2cyGtzw8K1bHXN39M-MjPo, "
Quán Bờ Sông,6/1A Bùi Văn Danh,"3,9",231,200.000-300.000 ₫,An Giang,"https://lh5.googleusercontent.com/p/AF1QipNafOXe0Fg6uUH5nDa2uy0tsZBZerZZHT_HxE8v, https://lh5.googleusercontent.com/p/AF1QipNlKM3xQSJMYeccpzOrGD1oLL3Pum6pkox9SRjC, "
Gà Đốt Ô Thum,"9XFH+X27, Hang Tuyên Huấn","4,2",542,100.000-200.000 ₫,An Giang,"https://lh5.googleusercontent.com/p/AF1QipM-2sjTAWiqGjwTc71dxMym7K5ttDW5i9doo7AD, https://lh5.googleusercontent.com/p/AF1QipOQkTTmWtGfg4MFi2kqGvqTD3TFVOKaGhffg0dA, "
Quán cơm Bảy Bồng,20 Đ. Sương Nguyệt Anh,"3,8",516,100.000-200.000 ₫,An Giang,"https://lh5.googleusercontent.com/p/AF1QipOKzhLnTlg5lNFN24eKPMzlCaL_gOkPelJA3Tw, https://lh5.googleusercontent.com/p/AF1QipOwx-EfIDh7MEskBlrCfoaLH7_Z8doxa-LPy2mv, "
Nhà Hàng Hai Lúa Đồng Quê,Muong Mo,"4,1",537,None,An Giang,"https://lh5.googleusercontent.com/p/AF1QipMDmMha0_4rkmcMilz2uaZm5k4W1hyddPlX97X-, https://lh5.googleusercontent.com/p/AF1QipOS2spj-FU5GNBJKrrIlZc_mWiT2KY3D-UZEGHS, "
Quán Cơm Hai Thuế 2,26 Nguyễn Trãi,"4,1",554,100.000-200.000 ₫,An Giang,"https://lh5.googleusercontent.com/p/AF1QipM5OhLJcYSIIDGReZScxb5-zuVv-pGvZGT8sHda, https://lh5.googleusercontent.com/p/AF1QipNSih4jBzdAuD_iLUWsTJczsPzNg5qUUy5PXjf9, "
Lẩu Bò Thu Thuỷ,"691A/35, 691 Trương Định","4,2",504,100.000-200.000 ₫,An Giang,"https://lh5.googleusercontent.com/p/AF1QipNWjpQMXhtR_P9HpHB22WeVet-DBv5ppIbba9kp, https://lh5.googleusercontent.com/p/AF1QipMM9q5u55HM9mCNu7460qAFcJMVTqJoMypjs5mH, "
Quán Cơm Cây Dừa,95/4 Trần Hưng Đạo,"4,0",650,100.000-200.000 ₫,An Giang,"https://lh5.googleusercontent.com/p/AF1QipPUBJm17-MKsYT9oQ4jzXo3az5gsCNuLu2WSXe1, https://lh5.googleusercontent.com/p/AF1QipPVApb8IdTL05drJHRdtbEQRq42g1PV8I2d4fpT, "
Bassac Restaurant,1 Hẻm Lê Lợi,"4,9",397,None,An Giang,"https://lh5.googleusercontent.com/p/AF1QipO_aiaau-C0-EoVzEl__WlE4I5IAMC7Ekid9wBg, https://lh5.googleusercontent.com/p/AF1QipMdvp0vBYaK1qnSb5_Bdc2CtRbg_83HY-1E-QCp, "
Tiệm Cơm Mỹ Huệ ( có tiền 10k/người ),104 Bạch Đằng,"3,9",242,100.000-200.000 ₫,An Giang,"https://lh5.googleusercontent.com/p/AF1QipO8iqfIiLTjdm_LzvrxkVvSBg0Arl__IBz4fWs_, https://lh5.googleusercontent.com/p/AF1QipOBHejjeeMTdAc9ydTlmIqLVYQpXuCuEhiY2gIT, "
Quán Ăn Lưu Luyến,135 Trưng Nữ Vương,"3,9",101,100.000-200.000 ₫,An Giang,"https://lh5.googleusercontent.com/p/AF1QipOWAKwAh1AODZl7xa0Z8wjWxMyBjCrr9DL-RpDZ, https://lh5.googleusercontent.com/p/AF1QipNmOfsZ7eJKYb8ywKycZeKSskeCsPgNX6r3jz5g, "
Quán Ăn Sân Vườn 234,FFXR+QR9,"3,7",202,1-100.000 ₫,An Giang,"https://lh5.googleusercontent.com/p/AF1QipMVrcdjVqHu1ZEAFx8xkennhCgUesoyuES2cvkH, https://lh5.googleusercontent.com/p/AF1QipNALyVuE2Fe6G2Avb2PRl7nLylNH4G8KkKOCG1_, "
Nhà Hàng Hải Sản Long Xuyên,15 Trần Nhật Duật,"4,8",9,None,An Giang,"https://lh5.googleusercontent.com/p/AF1QipNBZ8TcPynB9SNelUaDCQYVmKx0rqrMrWEonXnK, https://lh5.googleusercontent.com/p/AF1QipNgd15k7BAkrx7eu36j8UbjC1YQhBDp-Kqd0lsr, "
Quán Cơm Thúy An,Ng. Võ Thị Sáu,"4,3",81,None,An Giang,"https://lh5.googleusercontent.com/p/AF1QipOkl-ox1ewQqTdaOaoPvpJqFR6YbJwU_BnG5TxE, https://lh5.googleusercontent.com/p/AF1QipPMtCd63pTmOUUcQrBk2hFMvuXL64z_I1pHJdEx, "
Quán ăn gia đình - dịch vụ nấu ăn Hoàng Yến,Đường Trần Thị Huệ,"4,9",15,None,An Giang,"https://lh5.googleusercontent.com/p/AF1QipOuFTKR6-H8d02fiGsYHhoKX1991YoTM5IQtWoY, https://lh5.googleusercontent.com/p/AF1QipOlMujwFtIm3tA1sGpKv1suaYROwx3Vpw-gIH7r, "
Quán ăn An Yên Chay,42 Trần Quốc Toản,"4,7",42,1-100.000 ₫,An Giang,"https://lh5.googleusercontent.com/p/AF1QipMZ_JA02FbN8SkErbV4dPsSo3B9S4PZz_UYvJHh, https://lh5.googleusercontent.com/p/AF1QipNvAbjEGVCEj4rFfKpIOUR7RiYSxl8uOPIwVI0y, "
Quán ăn Cầu Châu Đốc,"M4WP+9J3, QL91","4,6",34,100.000-200.000 ₫,An Giang,"https://lh5.googleusercontent.com/p/AF1QipN_tDzF_83q-teo-V3pKw-Yfd9yYg924_3pbms, https://lh5.googleusercontent.com/p/AF1QipNB6C0Go_xWVrX09V5hYzQ35ZWTMHB9sY2xAwE, "
Quán ăn Hoa Đồng Nội,QLN1,"4,0",42,None,An Giang,"https://lh5.googleusercontent.com/p/AF1QipPVzNgXENblFpEiRD0Ddl5Oe8KnLpGV-re6ER1t, https://lh5.googleusercontent.com/p/AF1QipOaQZs0N1wHF-Ull34ujOlwpYu00E54UopBvqME, "
Bánh canh Vĩnh Trung Mỹ Tiên,Đại lộ Lê Lợi,"3,9",430,1-100.000 ₫,An Giang,"https://lh5.googleusercontent.com/p/AF1QipOXdv0GXkFuYYQU5JN0MMQjBHf2bi_x0pX4JbD6, https://lh5.googleusercontent.com/p/AF1QipPcJL0coXY7ntLMqTdZpinvrDaJzLjCDSwCTzUq, "
Nhà hàng Lẩu băng chuyền Vạn Mai Hương,199 Đ. Nguyễn Tri Phương,"4,3",12,None,An Giang,"https://lh5.googleusercontent.com/p/AF1QipOpyUciobI_kILn8PftgdqTOuoICxwDGwvLIJIO, https://lh5.googleusercontent.com/p/AF1QipOOANI2wbQ9ejSfSBCNJzCslangruyRo6xu1tDs, "
Cháo bò Thuỷ Đen,An Giang,"4,1",204,1-100.000 ₫,An Giang,"https://lh5.googleusercontent.com/p/AF1QipO9xhrJBksUrtpMWCEOT9SaY93IeLrCHFuSR45J, https://lh5.googleusercontent.com/p/AF1QipNHsMLPcUkqSIeCajTYQD1sSGaIhHx7TyvLl0-D, "
Nhà Hàng Làng Nướng Châu Đốc,Tổ 3 Đường Thi Sách,"3,8",146,None,An Giang,"https://lh5.googleusercontent.com/p/AF1QipMpZOs5KoVoXwTV10vVP2oHrerz7Wlfu1mfhclX, https://lh5.googleusercontent.com/p/AF1QipP7jYXSdLZW2bEhURucfA4GH0u2IRBmReLfYLE-, "
Vườn Hạnh Phúc - Restaurant & Lounge,24Bis Tôn Đức Thắng Mỹ Bình Long Xuyên Mỹ Bình Long Xuyên An Giang,"4,2",478,100.000-200.000 ₫,An Giang,"https://lh5.googleusercontent.com/p/AF1QipNO2nm5uDJNWY813KhzaGjFLIjjWSFODsg6rC-K, https://lh5.googleusercontent.com/p/AF1QipPR_n4705I1mZQjyGppRuY9B6ICSLk5Ff75_Y32, "
Lá Giang Restaurant,"City, Ward","4,9",16,100.000-200.000 ₫,An Giang,"https://lh5.googleusercontent.com/p/AF1QipOknz-hjvE-nb6wg3jh71hFBHAFuKsBFB_Yon70, https://lh5.googleusercontent.com/p/AF1QipO69habVpzZMJX5YhbINyWW9VNBdByyUbsvorxG, "
Quán Ăn Hoàng Yến,04 & 31 Đường Trần Hưng Đạo,"4,2",13,None,An Giang,"https://lh5.googleusercontent.com/p/AF1QipNmPITEztdsA4E7a0XQaOOO5O4NvrHB09fIqHHz, https://lh5.googleusercontent.com/p/AF1QipM58jzlIwLQAcPivCZK99DcEhNaIoCP1wjH1ZhV, "
Quán ăn Hương Dừa,"Hà Bao 1, 6304 QL91C","4,4",25,None,An Giang,"https://lh5.googleusercontent.com/p/AF1QipPdJOL6Rs3J8y_8RWrhapeJytIGgFZekCP4LuBv, https://lh5.googleusercontent.com/p/AF1QipP4Es-OC3IzNynF7dhRlhPkkJOTUZw6MAo8XNWe, "
Quán Ăn Hải Hạnh,"CXFV+523, Nam Kỳ Khởi Nghĩa","4,4",7,None,An Giang,"https://lh5.googleusercontent.com/p/AF1QipOxmKtZ7rhOG3pcePu6e-YBkA6P8P_azTM0iprU, https://lh5.googleusercontent.com/p/AF1QipOTxVuxM2ocBDb7ndRP0I3ZckBmuKUK397n_trx, "
Quán ăn Tú Linh,"An Hảo, Thị xả Tịnh Biên","5,0",11,1-100.000 ₫,An Giang,"https://lh5.googleusercontent.com/p/AF1QipOYzx6IQXrEY0qX4KixU19TRrGfUIdUf2mUXtKL, https://lh5.googleusercontent.com/p/AF1QipNv4RCpxbryiDHr1pRREZXj6uMCnQrbi7QMwKlY, "
Vườn Sinh Thái - Đồng Quê Quán,420 Tổ 22,"4,3",33,None,An Giang,"https://lh5.googleusercontent.com/p/AF1QipMA7n1bbSDcff5SBZuoaInZhcx3YAo2mFMEJfuI, https://lh5.googleusercontent.com/p/AF1QipMB8RQJ4Y_lEWWo-aW58mM09D9x700SIXkHG3TD, "
Quán ăn Trường Giang,36a Bùi Văn Danh,"5,0",6,None,An Giang,"https://lh5.googleusercontent.com/p/AF1QipPPRLcjH2er4bbysieE8IcQwkkuHc7xTEbcJXet, https://lh5.googleusercontent.com/p/AF1QipO9h5LTe03GpkUGbuZ7r0cxksDCHVmSHNCnynLc, "
Quán ăn Sáng Út Châu,10 Hẻm Nguyễn Du,"4,0",1,None,An Giang,
Quán ăn gia đình Cây Sung,11 3A Lê Triệu Kiết,"4,6",10,None,An Giang,"https://lh5.googleusercontent.com/p/AF1QipOY3NWHRKZbf5_k7ChBKCFMBTsR7AIBmEezIWFx, https://lh5.googleusercontent.com/p/AF1QipMTX9YzSIHLC4uScMlx9b_4SQ4sRDsUxJuv5CVx, "
Quán Cơm Lưu Luyến,Trà Sư,"3,4",199,1-100.000 ₫,An Giang,"https://lh5.googleusercontent.com/p/AF1QipMsvehkxSigD4bikR8Poq23tQF190fERKFGgyEi, https://lh5.googleusercontent.com/p/AF1QipM4oVS16MRLXOXmTqdnGU2Au2PqMPpA47-cXu2G, "
Quán Cơm 9 Diệp,"M5P2+484, Tôn Đức Thắng","3,6",150,None,An Giang,"https://lh5.googleusercontent.com/p/AF1QipNd5dW7hvVNWsx-q_gUV6GY5aH2sM6SU884JKSg, https://lh5.googleusercontent.com/p/AF1QipPeUF4-4CrhpE-eHai52bmJwUeqnz0J8tG23Mdh, "
Quán Ăn Hương Dừa,"G2HH+G5F, Đại lộ Lê Lợi","4,1",34,None,An Giang,"https://lh5.googleusercontent.com/p/AF1QipPhuKW_Sb4H-elRWkyNgw4ekdGwaZj-asME2RyH, https://lh5.googleusercontent.com/p/AF1QipMNzprlRWEvA0JWywmY2vo-SenaXsIRNDES4XWq, "
Quán Đu Đủ Đâm Ly Ly,CXRV+G8C,"4,3",87,1-100.000 ₫,An Giang,"https://lh5.googleusercontent.com/p/AF1QipOEFFETU8UUkR3XjyY6zcZ1HgQM49u1Gf_MHNDl, https://lh5.googleusercontent.com/p/AF1QipN9irQx1QpYpcv7IjDnXyfqDLEvabX8XBr_CtFS, "
Tiệm Lẩu Nhà An,268 Ung Văn Khiêm,"4,0",88,100.000-200.000 ₫,An Giang,"https://lh5.googleusercontent.com/p/AF1QipOXNqRtiPk5ewOsYOTxdtY2BkUxlfnJwroByINQ, https://lh5.googleusercontent.com/p/AF1QipMUwrf0-720mauWYLTKzleCm_U_BGoFdsG48rES, "
Quán Ăn Lẩu Ken,163 Trưng Nữ Vương,"2,9",37,None,An Giang,"https://lh5.googleusercontent.com/p/AF1QipNJVquHJsX0QdH-mYO7SaE8Iqzk9hqIipPPwQNM, https://lh5.googleusercontent.com/p/AF1QipNBS2DKHiFORWOwYezTdizd9eayIoGrgI8VR_Vv, "
Quán ăn Nhật Thanh,Lý Bôn,"4,2",42,100.000-200.000 ₫,An Giang,"https://lh5.googleusercontent.com/p/AF1QipPt1u9f0qiobC9uC2EVvb64jdmUIDGoyKLb6hMS, https://lh5.googleusercontent.com/p/AF1QipOPlM0GcOr2Y1KJXXJ1QJsYIyd3sCey8trJgOco, "
Nhà hàng Chay Bồ Đề Tâm,275 Đường Trần Hưng Đạo,"4,4",55,1-100.000 ₫,An Giang,"https://lh5.googleusercontent.com/p/AF1QipOq6jQj8YC_JIyyMSf4dHa3AWi8zTJRr2gb1U3V, https://lh5.googleusercontent.com/p/AF1QipMm-TFkzbcKopznaKzlnIGNXly8V-vm_cyT6RH9, "
Quán ăn Quê Tôi,CC5G+H4,"5,0",4,None,An Giang,"https://lh5.googleusercontent.com/p/AF1QipOgC3gqmOIEZemvD6pO5WPoJIup7XhxxB2btOQn, https://lh5.googleusercontent.com/p/AF1QipNvPuLf582Fo9n5fDnCoL09LTE91coc3vlNZc1L, "
Quán cơm Thuỳ Dương,386 Trần Hưng Đạo,"3,9",157,1-100.000 ₫,An Giang,"https://lh5.googleusercontent.com/p/AF1QipMqysnNZAwCPtujVnyd2wLZRPNLi6AQ0GYxI3lZ, https://lh5.googleusercontent.com/p/AF1QipMUut81R6wQdpov7_p5KBzBWm3mU8pBWPChbo6Y, "
Quán ăn Phương Tuyền,26 Trần Hưng Đạo,"4,7",3,None,An Giang,"https://lh5.googleusercontent.com/p/AF1QipMe5srzRUPvU38EDfi30wbMQkVrNYQJk12wsIzG, https://lh5.googleusercontent.com/p/AF1QipOprbZc7C7sCuw9cgD16rE_Dhss1oLCJBabpJMC, "
Quán ăn Giang Mập,An Giang,"4,2",18,None,An Giang,"https://lh5.googleusercontent.com/p/AF1QipNhEttr8O5eNeE6OQ6aX4l4PAXoxAqePZbvRuWN, https://lh5.googleusercontent.com/p/AF1QipNM2s3o2bNky9h9lCGme6KfjWAJ7DJ2KkhXv2Rw, "
Quán Cơm Ngon,550 Thủ Khoa Huân,"5,0",1,None,An Giang,
Bánh xèo 941,F825+XWR,"4,5",13,None,An Giang,"https://lh5.googleusercontent.com/p/AF1QipN4oDD7moDIi_RmCK7FHQ9FPuLPlNVp0aZPLmqe, https://lh5.googleusercontent.com/p/AF1QipPYWnPZNa9ZIHGizcwng2z7fYgLHVEpKSlaKNb0, "
Quán Cơm Sáu Tàu,32 Thái Phiên,"4,0",37,1-100.000 ₫,An Giang,"https://lh5.googleusercontent.com/p/AF1QipOCEK48kmMW8QVGsCQYKk0oaPb8qYIJsOGfrcX8, https://lh5.googleusercontent.com/p/AF1QipMz4TT83jbgAPLjbaD8d5otPaQkyXBp5Ft-SfIk, "
Quán Hải Đến,9CJX+RPX,"4,1",69,None,An Giang,"https://lh5.googleusercontent.com/p/AF1QipO_WSF3c2SxpoSveSGY4aTsvM0iOFIUwRzMgkh_, https://lh5.googleusercontent.com/p/AF1QipNKkvLJWKZeV39T65bgVgM0UMpUM7QJdNAz281D, "
DON Chicken Long Xuyên,44 Đ.Tôn Đức Thắng,"4,3",172,100.000-200.000 ₫,An Giang,"https://lh5.googleusercontent.com/p/AF1QipPvDkjxH80tc4GS-cvG2ZadXITNOrHJ0tPIwrvA, https://lh5.googleusercontent.com/p/AF1QipNgdlpb_HYATL3hnb6zMW0NOmA74AagLq0SHjai, "
Quán ăn Cửu Long,"P438+VFR, Trưng Nữ Vương","3,5",21,None,An Giang,"https://lh5.googleusercontent.com/p/AF1QipNh2ileV0DmIfYqh1kdDxJhEEUCJbliYkHwfio, https://lh5.googleusercontent.com/p/AF1QipP_jViuYLu-OF-I6peyXH9eMfSLr94LVW7bxGw9, "
Quán Ăn Kim Ngân,"C2F3+57P, 3 Tháng 2","3,7",44,1-100.000 ₫,An Giang,"https://lh5.googleusercontent.com/p/AF1QipOIzWyVg89O4wyG3fc71Yy5KKTRd8Ko0LPo5jIb, https://lh5.googleusercontent.com/p/AF1QipMrEk5tbqOXN-jtcwQKUJoGVnP3qjEjymCuoUoP, "
Quán bún cá Châu Đốc - Cô Nga,82 Nguyễn Văn Thoại,"4,0",79,1-100.000 ₫,An Giang,"https://lh5.googleusercontent.com/p/AF1QipMynkaY5VGWI6XPkxg7yX-IItZG-ra8ir13uf0, https://lh5.googleusercontent.com/p/AF1QipPXTfLa3kElHJGgroG3J-awkNVGwPU4jrq4SY1p, "
Quán Ăn Ken. Chuyên phục vụ các món ăn đồ đồng. Rắn. Gà. Cá Lóc. Lươn,237 Ung Văn Khiêm,"4,0",3,None,An Giang,
Gà đốt Bánh Xèo Xuyến đỉnh,ĐT948,"4,0",68,100.000-200.000 ₫,An Giang,"https://lh5.googleusercontent.com/p/AF1QipPH3prqqNRgT7CxQAao6eqOHb75fcJW_l4Pal95, https://lh5.googleusercontent.com/p/AF1QipPYZeHHWQ9hGNGZjsOHHX9RH7HAH6QvyHg9V52z, "
Quán Ăn Điểm Hẹn,"JX7Q+VX2, QL91","4,5",6,None,An Giang,"https://lh5.googleusercontent.com/p/AF1QipMg4bb3rFfgPkjx0qGuk4MoKjYMvuFZdpCBnRCZ, https://lh5.googleusercontent.com/p/AF1QipMt05HJHEDHNemDZNuvmJQlTEQqqy0Z7pXC8f5W, "
Quán Ăn Nguyễn Thị Dung,J2C3+M3H,"3,8",41,None,An Giang,"https://lh5.googleusercontent.com/p/AF1QipOP79WL0fyRTFZLpIV-80xX6UzVQ8RI8A1vT7yj, https://lh5.googleusercontent.com/p/AF1QipPyMUk9k1_R_VVyF4mG9OTHZvoxPbbUR0vUkpxv, "
Quán Ăn Mỹ Châu,102 Châu Thị Tế,"4,0",1,None,An Giang,
Quán Ăn Sáng Nhẫn,9CWC+CQ7,"4,7",6,None,An Giang,
Nhà hàng Hoa Anh Đào cáp treo núi Cấm,An Giang,"4,2",18,100.000-200.000 ₫,An Giang,"https://lh5.googleusercontent.com/p/AF1QipMt2uQVW-p07NEzjiY7CYnvcLuZ4E5mB9rR3XjQ, https://lh5.googleusercontent.com/p/AF1QipPQGZWJw_3ZYP-fRqrOLL-lLY-YC5TRkfdvx1Gx, "
QUÁN ĂN THANH BẠCH,"GX3M+25M, Đường lên chùa Vạn Linh","3,7",21,None,An Giang,"https://lh5.googleusercontent.com/p/AF1QipNCxRHsA3v60SLF_LlkDSjOpEjpVSD0s91PvG0, https://lh5.googleusercontent.com/p/AF1QipPtBFW8rMnyDs-njK8i5q5ASyaj9tSlOx4BIw0, "
Đồ Ăn Ngon,9 Trần Hưng Đạo,"3,0",2,None,An Giang,
Quán Ăn Du,"585/47, Quốc Lộ 91, Phường Bình Đức","5,0",1,None,An Giang,
Quán Ăn,35 Trương Định,"4,5",8,None,An Giang,"https://lh5.googleusercontent.com/p/AF1QipM6gwW0MgA3RB0aG7U7zYwd9sXUVaRwlav5Tz4q, https://lh5.googleusercontent.com/p/AF1QipNJskhy7d1a8JOITZpp4C3aYNeKTyB4uz9crvGY, "
Bánh Xèo Thu Trang,An Giang,"4,3",61,100.000-200.000 ₫,An Giang,"https://lh5.googleusercontent.com/p/AF1QipPCGmDqczgaV0d80W54ITROn7pQBqohsCBW2_DU, https://lh5.googleusercontent.com/p/AF1QipOBlR0BhQNwJtDfzpjrkBwlJOyxImOhifvHGD8, "
PHỐ CỔ QUÁN,Đường Đường Thi Sách,"4,6",16,None,An Giang,"https://lh5.googleusercontent.com/p/AF1QipPl7x_TwR93WnLO_-FRHWRnHiKZOBDCdEX_eHjL, https://lh5.googleusercontent.com/p/AF1QipM7FW4rZgo-GpJIU0kVEqlbmHcdUPg5xQCeJFFA, "
Lẩu & Nướng Cokami,An Giang,"3,7",32,100.000-200.000 ₫,An Giang,"https://lh5.googleusercontent.com/p/AF1QipN_vRFX95sD6tQ1GQsMHhP-YvJQvw2tJyc1iDKe, https://lh5.googleusercontent.com/p/AF1QipMSK3JCwr4n8Jz-wlkIEj_bZp_qqwYOB-tXPCMw, "
Quán ăn Hẻm 12 - bánh canh vĩnh trung,Hẻm 12 Trần Hưng Đạo,"3,9",73,1-100.000 ₫,An Giang,"https://lh5.googleusercontent.com/p/AF1QipPgBWrLkWXUvMQrpfktoPRyYoJiX_bLy0wxu0yE, https://lh5.googleusercontent.com/p/AF1QipN76XNOKg82wPTgJ5nXr8tnpYLQEwdXeJo2CWJK, "
Quán ăn Ở,"G2JG+RR6, Mạc Đĩnh Chi","4,5",2,None,An Giang,"https://lh5.googleusercontent.com/p/AF1QipPJRDscXt0jWtvt9hB-qrJEq09wS06bp877ul0A, https://lh5.googleusercontent.com/p/AF1QipMN0IuWNCGzxyKjF9N68pxQQZ9miGqWtgAeZ0Ah, "
Tà Pạ Cốc,"Cổng chào Soài Check, 30 Tháng 4","4,3",90,100.000-200.000 ₫,An Giang,"https://lh5.googleusercontent.com/p/AF1QipN-SA1Fw0yqeIxd2h-kUWl27STyKAFED3TYOdxU, https://lh5.googleusercontent.com/p/AF1QipNlGxphdu5cVhdYy03PF-1HZO-_kaMOvCUdK22K, "
Quán Cơm Chay Diệu Đăng,G25M+49M,"4,4",25,None,An Giang,"https://lh5.googleusercontent.com/p/AF1QipM3lbrjK_7t6_C0VcYooAUJ6lUm8RkJ9iWjS6qu, https://lh5.googleusercontent.com/p/AF1QipNMGCS7VXc_Z6JFn1LNi39JttNGeP1dwYT7vyOd, "
Quán Ăn Sân Vườn Năm Be,"21/5C, Đường Trần Hưng Đạo, P. Mỹ Quý","3,5",4,None,An Giang,
QUÁN ĂN ÚT NANG.,943 Trần Hưng Đạo,"3,7",6,None,An Giang,"https://lh5.googleusercontent.com/p/AF1QipNKaWxCqP-Cjgfbro-MYyhoe-SLmqnLsNPj_0iK, https://lh5.googleusercontent.com/p/AF1QipOlSnFzprTaMT6oCNXKgPN03GXTZcT3tgJZO0pt, "
Quán cơm Anh Đào,161 Trần Hưng Đạo,"3,5",19,1-100.000 ₫,An Giang,"https://lh5.googleusercontent.com/p/AF1QipPqx4DZ0M49Xelv3zxcaTiv27idhHhdsX2iyDYE, https://lh5.googleusercontent.com/p/AF1QipM0hEz3fCuFELm9DCipQQ7jI9CZnZIfQoET0z-v, "
Quán Ăn A CHOU,936 Trần Hưng Đạo,"5,0",1,None,An Giang,
Quán ăn Tân Thời,Phan Đình Phùng,"3,8",16,None,An Giang,"https://lh5.googleusercontent.com/p/AF1QipOplkJL-F893vrqmzpg9gbsdG4YW16tC6EyiVEy, https://lh5.googleusercontent.com/p/AF1QipPpoyXnQUExF972oppeB0-660KDIfY5Suid09O6, "
Art Coffee,9a Lương Văn Cù,"4,2",78,1-100.000 ₫,An Giang,"https://lh5.googleusercontent.com/p/AF1QipPxrgyRqA-iW-qiXxoKVMOs6J-CdkGl0mVCYovg, https://lh5.googleusercontent.com/p/AF1QipNdWtXo_NRiL1LUhBaYQOzWh6qxjiv5uWh8aW_n, "
The Pizza Company Vincom An Giang,1242 Trần Hưng Đạo,"3,9",70,100.000-200.000 ₫,An Giang,"https://lh5.googleusercontent.com/p/AF1QipNFod6ljVwG0aVkS4gJ5A3QeVSfuwvkhh3I3i7P, https://lh5.googleusercontent.com/p/AF1QipOc0v0DiIKmWEIOqH0gp_8HuGu585zyxcb7whtX, "
Quán ăn Bò Leo Núi,Thất Sơn,"4,8",5,None,An Giang,"https://lh5.googleusercontent.com/p/AF1QipNqvQehSMgW13yi7SmjXBHKhcSlSd4exsbZeQT2, https://lh5.googleusercontent.com/p/AF1QipPKcSCZAU-iTGVtPnlxWSCc0mueiqhVeLkuq2Uk, "
Nhà hàng rừng tràm Trà Sư,H3M5+WH8,"3,4",28,100.000-200.000 ₫,An Giang,"https://lh5.googleusercontent.com/p/AF1QipNxxR-DJWtL2dC_H2u2m-jvRf3oSlkiI22LRjuP, https://lh5.googleusercontent.com/p/AF1QipM2eltVSCkCO1GeZyF4EDVCAUVgBdiWH55es4OL, "
Quán cơm Vân,"M5P2+848, Tôn Đức Thắng","4,0",8,None,An Giang,"https://lh5.googleusercontent.com/p/AF1QipOlvy_DjQe1erBYc8Jv5dEGnFXGukqLt2C2V29Q, https://lh5.googleusercontent.com/p/AF1QipNZQ_76iavu26a6LOcVQW9J8TLaycZJLo6Ts_5v, "
Quán Cơm Lệ Quyên,An Giang,"5,0",1,None,An Giang,
Bánh canh Vĩnh Trung - Hồng Minh,374/10,"4,4",18,None,An Giang,"https://lh5.googleusercontent.com/p/AF1QipNII45_AqSXcbPHMS_sRHI8qKfIwd5oSa_aPW_b, https://lh5.googleusercontent.com/p/AF1QipOKQV0tn8zbrF9ucArsWyUAqqO5wPh5RIqw57Xc, "
Quán Ăn Hương Quê,G2RF+3MJ,"3,9",43,None,An Giang,"https://lh5.googleusercontent.com/p/AF1QipMDTp8yMSKHc38wi1_u2pAP9Rku7TdiHL4SdqCV, https://lh5.googleusercontent.com/p/AF1QipOdNII2Ycpwgk0LAsr_ML4B-zvWb2Hjah4VyXIH, "
BÁNH CANH LONG HƯƠNG - Cổng chào thành phố Bà Rịa,11 Cách Mạng Tháng Tám,"3,9","6,5 N",1-100.000 ₫,Bà Rịa - Vũng Tàu,"https://lh5.googleusercontent.com/p/AF1QipMhYp1KEZ-renyOVxNK4Oi24-8tmcNel0Lfoxea, https://lh5.googleusercontent.com/p/AF1QipPDmWCc_44H_7pxWQcwo8cZJqwz7b_MgZvmTsmm, "
Nhà Hàng Hầm Rượu Lộc An - Tp.Bà Rịa,3718 QL51,"4,5",134,None,Bà Rịa - Vũng Tàu,"https://lh5.googleusercontent.com/p/AF1QipNCRMye27kefzsrEldKvcOzX8lOvZNxV2G7oBof, https://lh5.googleusercontent.com/p/AF1QipOVpxHDkoRz6o-l_rmTEtjPe5yMcCf-jo2X0mQ, "
Quán Ốc Gái Bà Rịa Vũng Tàu,252 Nguyễn Văn Linh,"4,0",370,None,Bà Rịa - Vũng Tàu,"https://lh5.googleusercontent.com/p/AF1QipMHVHFU5cDpvhXziZqNHNmLDukDP_iE3D3KARDB, https://lh5.googleusercontent.com/p/AF1QipOeBjdMhRZ-bN2XV9ANX9ZVm_BUVyhHzeR7QoBt, "
Lẩu Măng Khánh Hà BÀ RỊA,455/2 Cách Mạng Tháng Tám,"4,4",397,100.000-200.000 ₫,Bà Rịa - Vũng Tàu,"https://lh5.googleusercontent.com/p/AF1QipO12_vE2ZSJK2psoOHkFr2HN9RaUHkPDLBNAWdG, https://lh5.googleusercontent.com/p/AF1QipNK26sFkDyZe1h8RtUWs-Zaz8YiRbX6kBvRuayz, "
Nhà Hàng Hầm Rượu Gia | Bà Rịa Vũng Tàu,595 Phạm Văn Đồng,"4,6",26,None,Bà Rịa - Vũng Tàu,"https://lh5.googleusercontent.com/p/AF1QipOQuggRt8LvtdWQjLK_gtLIrRjZHaVHRUSyiJW8, https://lh5.googleusercontent.com/p/AF1QipMhjNm7q5URDHGiOFSKAr7Nh6rMalsOsIs7jOrf, "
NHÀ HÀNG SÂN VƯỜN SAIGONOK,34 Cách Mạng Tháng Tám,"4,0",437,100.000-200.000 ₫,Bà Rịa - Vũng Tàu,"https://lh5.googleusercontent.com/p/AF1QipMg_mtFK_25ETx3DvX3erVQ7scM4atbYPcwhY53, https://lh5.googleusercontent.com/p/AF1QipMTFXfsrUNCwIN13tEg_XrNMzlPmlm3Dv2Cyoe8, "
Quán Ăn Gia Đình Tứ Quý,171 Nguyễn Tất Thành,"4,3",11,None,Bà Rịa - Vũng Tàu,"https://lh5.googleusercontent.com/p/AF1QipPi85_5tUpYEbg8tB_r0qX5VrpcUvasaLEy0Zmw, https://lh5.googleusercontent.com/p/AF1QipNqJh9PzZd-26pHGmP1cwxYYtatpUKuOhoDYDJV, "
Quán 108,F5XF+CQJ,"3,9",288,100.000-200.000 ₫,Bà Rịa - Vũng Tàu,"https://lh5.googleusercontent.com/p/AF1QipPWOEj1COR5UjH66tErX7YNNGP7TeFtJ_hRF2KP, https://lh5.googleusercontent.com/p/AF1QipNWNxa5nPZOOaeWuwHh3iDs_1tEIrJr56oMFsB0, "
Vựa hải sản Thành Phát 1,334 Trần Phú,"3,9","2,9 N",None,Bà Rịa - Vũng Tàu,"https://lh5.googleusercontent.com/p/AF1QipPUY8NdV18OYKoXjBN62_3GD-cWxlmnPB9_aWqs, https://lh5.googleusercontent.com/p/AF1QipMhJLywyqXQa_0WBaxpponhYAV1J7vWYa6Ii_JR, "
Cơm niêu Hương Lúa,546 Cách Mạng Tháng Tám,"4,0",493,1-100.000 ₫,Bà Rịa - Vũng Tàu,"https://lh5.googleusercontent.com/p/AF1QipNTaZJgUS_RC7zr01PrZqCtrgFXOkytZj5BVAWS, https://lh5.googleusercontent.com/p/AF1QipNF8wTsB-bqkhfD0NMxv4EIBBOwHeveGnMElAMV, "
Vịt Nhã Phương - Món ăn ngon Bà Rịa,141 Điện Biên Phủ,"4,2",85,100.000-200.000 ₫,Bà Rịa - Vũng Tàu,"https://lh5.googleusercontent.com/p/AF1QipPopz5NA8qEAYb_qfVN-m2QIz3Tha8YBHbELUpl, https://lh5.googleusercontent.com/p/AF1QipNokPsfGdXV_pE609LVcJjEjUyFHmARAHZBQs67, "
Cơm Niêu Bạn Tôi,23 Phạm Ngọc Thạch,"4,6",98,100.000-200.000 ₫,Bà Rịa - Vũng Tàu,"https://lh5.googleusercontent.com/p/AF1QipNhP1TJ2u2Z854w5JTIEafHvkl6S-QnG_bYHVeH, https://lh5.googleusercontent.com/p/AF1QipMDyvIew3W5xoMPirFK-S_-o0UeliwLIL1xyeuz, "
Tiệm nướng Thương Thương - Vũng Tàu,173a Võ Thị Sáu,"4,8",362,200.000-300.000 ₫,Bà Rịa - Vũng Tàu,"https://lh5.googleusercontent.com/p/AF1QipPbjI4W_qr8jI6ltgphb0EmYV2iehEXN6NfZlwl, https://lh5.googleusercontent.com/p/AF1QipPwCKz6rVisNEyLMiYpRDE4y3F58gOHjcPKubZ9, "
Nhà hàng hải sản La Sirena,8 Thùy Vân,"4,6","1,4 N",None,Bà Rịa - Vũng Tàu,"https://lh5.googleusercontent.com/p/AF1QipMC0jqsBMytB3FXf9-nym0rEQu_Gb5wCteomaFT, https://lh5.googleusercontent.com/p/AF1QipOrxqYr77fRxsWsLQtA6BBZ9No1j7ZAHiHhaMU, "
Mạnh Hùng Quán,18/39 ô5 khu phố hải sơn,"4,1",132,1-100.000 ₫,Bà Rịa - Vũng Tàu,"https://lh5.googleusercontent.com/p/AF1QipOPju2jXQC-GDUikesRjZjHopZElwgsil0Br0Ur, https://lh5.googleusercontent.com/p/AF1QipN4za2EJBmd2DnInK8B9AJbXff5exQ5cRzwlJkP, "
Quán Tre,411 Thống Nhất Mới,"4,0",937,None,Bà Rịa - Vũng Tàu,"https://lh5.googleusercontent.com/p/AF1QipP6_UHJ4SRDw79U4WVmGw9y6KFbQNoaUyD1TYRI, https://lh5.googleusercontent.com/p/AF1QipP1HwtXcQEmMUNLlZyNBUkGnlLzA8TWiyDQ8Zcv, "
Nhà Hàng Fita Sông Rạch Hào,"Tổ 7, Khu Phố 2,","3,8",877,100.000-300.000 ₫,Bà Rịa - Vũng Tàu,"https://lh5.googleusercontent.com/p/AF1QipOqXw443bhy5IKL3eebwRdqgM3yzL3Nn6uWGyM6, https://lh5.googleusercontent.com/p/AF1QipOpKda3rckdvZrFfYo4rg3IgWi2n7b2xV4LvDD4, "
Quán ăn hải sản ngon ở Long Hải,Bà Rịa - Vũng Tàu,"4,7",12,None,Bà Rịa - Vũng Tàu,"https://lh5.googleusercontent.com/p/AF1QipMY3L37t76TIXSWQkW6fWGFf47eAxwk0cOyIwtM, https://lh5.googleusercontent.com/p/AF1QipMS5A9CMMFNVQcnzRg166r2d8T43UHP2IKwn-qC, "
Nhà Hàng hải sản Lâm Đường - Vũng Tàu,125B Trần Phú,"4,0",964,None,Bà Rịa - Vũng Tàu,"https://lh5.googleusercontent.com/p/AF1QipOGvp3AmA8zJB91TKJZITwsOEeuwjGLW6DnNzKe, https://lh5.googleusercontent.com/p/AF1QipOY3AYRvv4rCLCOuq_2nTOeo1o8IugZnNKvphwx, "
Cơm niêu Rau Tập Tàng Vũng Tàu,14 Trần Hưng Đạo,"3,8","1,5 N",100.000-200.000 ₫,Bà Rịa - Vũng Tàu,"https://lh5.googleusercontent.com/p/AF1QipP88frmKSBv_dRUM0r2X1e786okI7vjZFPfbOFU, https://lh5.googleusercontent.com/p/AF1QipMA6tjLh7T2vSt3sUNizCCmXMnH_-WblsNJ1RHK, "
Lẩu cá đuối 7 Lượm,37 Nguyễn Trường Tộ,"3,6","1,4 N",100.000-200.000 ₫,Bà Rịa - Vũng Tàu,"https://lh5.googleusercontent.com/p/AF1QipO0UFsRWXxXAK3IkNoyirQZStK08s3CSDl2JVcL, https://lh5.googleusercontent.com/p/AF1QipNXRWeroCVi-wHW8ryAw52aMGTYN9li6AR3PP0P, "
Lý Gà - Lẩu gà lá é Bà Rịa,39a Nam Quốc Cang,"4,3",83,100.000-200.000 ₫,Bà Rịa - Vũng Tàu,"https://lh5.googleusercontent.com/p/AF1QipN7IEiMG477djucs5mL2Z1Olm58laXBPrFhHr9U, https://lh5.googleusercontent.com/p/AF1QipOlTi5Q-F559xeii1NYTZHSeUU2udJkegodVPNX, "
Trường Cua Quán,18 Hoàng Hoa Thám,"4,1",84,None,Bà Rịa - Vũng Tàu,"https://lh5.googleusercontent.com/p/AF1QipMuVk_feMvvVjaaqtFjhSNjzHQDeTwlqcv8qS3y, https://lh5.googleusercontent.com/p/AF1QipODvCMGds6wLQcf3_hl_g0XLb7gBJUjB1qL9eBI, "
SKY BUFFET VUNG TAU,69-69A Thùy Vân,"4,8",280,None,Bà Rịa - Vũng Tàu,"https://lh5.googleusercontent.com/p/AF1QipOYfpWl-mLld2ld6Kg2e2G7273zU9mLYG8hctTh, https://lh5.googleusercontent.com/p/AF1QipOsebNoIruWM4WYou1uO_Zuqn5pWsAk5JzN1g9q, "
Bánh hỏi An Nhứt,"F6PW+HPJ, QL55","4,1","1,7 N",1-100.000 ₫,Bà Rịa - Vũng Tàu,"https://lh5.googleusercontent.com/p/AF1QipMAIO64hkcPkBhHH0D7C8wB_VUOMKT18F-DintG, https://lh5.googleusercontent.com/p/AF1QipM_FokSfVoIipBqu9Iaf9xyEe9rCPYITepFqgIT, "
Nhà Hàng Gành Hào 2,09 Hạ Long,"4,2","5,3 N",None,Bà Rịa - Vũng Tàu,"https://lh5.googleusercontent.com/p/AF1QipPTUlA9spWxg1ENzfDYoEXAdB0XpqF-xUa3rFY2, https://lh5.googleusercontent.com/p/AF1QipN9sKWGOwH8drbGYBCkk6zOIwYbnFVdPnfv0zO1, "
Quán Cơm Niêu Hoa Sữa Bà Rịa,568 Phạm Hùng,"3,5",499,100.000-200.000 ₫,Bà Rịa - Vũng Tàu,"https://lh5.googleusercontent.com/p/AF1QipO_ssA04BjX71RetlfOibLoeY2DlzohHe1HiPMF, https://lh5.googleusercontent.com/p/AF1QipNmZPRRKFK4udbvDmSAoca8R9PR7zrG3L-gvLBv, "
Cơm Niêu Quê Nhà,158 Lê Hồng Phong,"3,9",563,100.000-200.000 ₫,Bà Rịa - Vũng Tàu,"https://lh5.googleusercontent.com/p/AF1QipN4VCsamNgz-klXc8hOr73S89evJ5fgMGodYPLy, https://lh5.googleusercontent.com/p/AF1QipPYGhNpdKG337ifiUTe_cArkiwH9f2HI5jyPP_t, "
Hùng Vương quán,Đ. Hùng Vương/68 Đường Tôn Thất Tùng,"4,3",107,200.000-300.000 ₫,Bà Rịa - Vũng Tàu,"https://lh5.googleusercontent.com/p/AF1QipN4gMvgWyBNI9bRRGl5TKYB5L9N0g-s60vHdQ1N, https://lh5.googleusercontent.com/p/AF1QipOuXlcEfK1r-lnb6DeyyXD1wzM5-kYxQ42sgI7x, "
Cơm Niêu 55 Vũng Tàu,55 Lê Hồng Phong,"4,0",827,100.000-200.000 ₫,Bà Rịa - Vũng Tàu,"https://lh5.googleusercontent.com/p/AF1QipMR-eoUhqxa-qYdfo_1tKfQ3gasohj8dfSb3G1F, https://lh5.googleusercontent.com/p/AF1QipOp51VwbBDHLefM_KNiNGz-reCx0OJ1dqmi_6bt, "
Cơm Niêu Rau Tập Tàng 2 Vũng Tàu,225 Võ Thị Sáu,"4,1",487,1-100.000 ₫,Bà Rịa - Vũng Tàu,"https://lh5.googleusercontent.com/p/AF1QipPWBYa6NY__pfXiaSNX0UaiKc9BnSOWfs8jiQgc, https://lh5.googleusercontent.com/p/AF1QipOT8PAMmEJ5ZIpPRAq-aymtFL6xLtL8dCFKnNM4, "
Lẩu Cá Đuối Út Mười,10 Trương Công Định,"3,5","3,6 N",100.000-200.000 ₫,Bà Rịa - Vũng Tàu,"https://lh5.googleusercontent.com/p/AF1QipNCQNNk6gs5IPzAzGcG6EH4t4vaTwzgc385qzw_, https://lh5.googleusercontent.com/p/AF1QipNx23-rGXOcnm-X-hfNkD24DjuNQe1mn2dBbB-M, "
Ăn Vặt Bờ Kè,102 Lê Thành Duy,"3,9",63,None,Bà Rịa - Vũng Tàu,"https://lh5.googleusercontent.com/p/AF1QipN8MYffKf78gxnET1NohC-OC6GU_RLr7P31wEBp, https://lh5.googleusercontent.com/p/AF1QipMRFQSNmE4ugGRd8i5_bvScqsnS_mfino4LBOtN, "
Nhà Hàng Nhật Bản Asahi Sushi,214 Thống Nhất Mới,"4,2",211,100.000-200.000 ₫,Bà Rịa - Vũng Tàu,"https://lh5.googleusercontent.com/p/AF1QipMHsuzaYjFtLAZOdaTEHprP2ONvrgZwzwnCwE_0, https://lh5.googleusercontent.com/p/AF1QipMfyWwhpsjOvGJGDsZVa3A9_FvANW7iIi_P8MLL, "
QUÁN LÁ,311 Thống Nhất Mới,"4,3",180,None,Bà Rịa - Vũng Tàu,"https://lh5.googleusercontent.com/p/AF1QipNqjhyGJ7xLCTcJdRWgB6JpsWcsrQQxnbRPFbLZ, https://lh5.googleusercontent.com/p/AF1QipMm4H990r4dRVPbMnotUZ39pAsdeGgcsly2XSbP, "
Nhà Hàng Cafe Lan Rừng,2 Trần Hưng Đạo,"4,2",775,None,Bà Rịa - Vũng Tàu,"https://lh5.googleusercontent.com/p/AF1QipOYIUbSKS-k3EPi9vXe9Eux6X_hGOFvkpOpASnb, https://lh5.googleusercontent.com/p/AF1QipNpv8sk2n9cihPdmXVOCT4hTyBvUoHDdAkizjwo, "
Cơm Chay Nhất Lâm,82 Tôn Đức Thắng,"4,2",272,1-100.000 ₫,Bà Rịa - Vũng Tàu,"https://lh5.googleusercontent.com/p/AF1QipO2y35H-ioLN-Xt5QYr9q6PzubFzwRpBfvZ_o59, https://lh5.googleusercontent.com/p/AF1QipMYpZMvKaV8pocs91YGNie6ulLlzE_HF2AbefGT, "
Quán Phố Biển,Trần Hưng Đạo,"4,1",483,100.000-200.000 ₫,Bà Rịa - Vũng Tàu,"https://lh5.googleusercontent.com/p/AF1QipOVm4HeP4mZagdSuzQewNUMFzB1ro1fUNSNI8VH, https://lh5.googleusercontent.com/p/AF1QipNT0qWebj07HXUcweax21TOeVCPht0BE9HVAPTz, "
Quán ăn sáng nhung,411 Huỳnh Tấn Phát,"4,4",10,None,Bà Rịa - Vũng Tàu,"https://lh5.googleusercontent.com/p/AF1QipN3YEvokUoW0WXkU2rgIt0DlTxgUVZ_NKEXCD7J, https://lh5.googleusercontent.com/p/AF1QipNcTThU2P0pUg4YuAqwSpJAUh0Xl3CZvCcKopkZ, "
Cơm Niêu Long Hương (Cổng Chào Bà Rịa),Số 100 Cách Mạng Tháng Tám,"4,2",199,100.000-200.000 ₫,Bà Rịa - Vũng Tàu,"https://lh5.googleusercontent.com/p/AF1QipO-YCFcBLsXv1TFtpq-sA6CWZSr-dMvAII4ZJdD, https://lh5.googleusercontent.com/p/AF1QipOog04ivigb7a5uw7inSGegdAkRURGChXyFlJQp, "
Bánh Canh Ghẹ 53,53 Nguyễn Đình Chiểu,"4,6",28,1-100.000 ₫,Bà Rịa - Vũng Tàu,"https://lh5.googleusercontent.com/p/AF1QipOlRg7jsmsPNot-ZzvI2IpwfZPMC23_nA17fkhu, https://lh5.googleusercontent.com/p/AF1QipOGclHEAUaCdv7-flBFzTVAgoonGGvHEOlbPz0U, "
Quán Tiến hải Sản,G3V7+54W,"4,2",302,None,Bà Rịa - Vũng Tàu,"https://lh5.googleusercontent.com/p/AF1QipP5nnyj4lmSDTj2Q7nLyC2tZObUbXj9_ZFLeuQk, https://lh5.googleusercontent.com/p/AF1QipNa_BKGDTst-bR18mGb8L5MQ3OVv6NaAAXBIwko, "
Quán Cơm Tấm Hướng Dương ( Cơm Ma ) - Không Có Chi Nhánh,142 Nam Kỳ Khởi Nghĩa,"2,9","1,8 N",1-100.000 ₫,Bà Rịa - Vũng Tàu,"https://lh5.googleusercontent.com/p/AF1QipONxvRTZ7aYZ8RnXgh9qIIhsOnHQaZzsPSXkKS9, https://lh5.googleusercontent.com/p/AF1QipNsUNVdzQ2PIQXRFXhjkBwnbPD-baNyDOYqev3B, "
Nhà hàng Thu Ba,"MJP5+Q7J, Đường Võ Thị Sáu","4,0",404,200.000-300.000 ₫,Bà Rịa - Vũng Tàu,"https://lh5.googleusercontent.com/p/AF1QipON2rtxNDdOlVCR34gMNq6pnsFantJ9WYWOv236, https://lh5.googleusercontent.com/p/AF1QipOOpA7i7cQ-FNvacWHdh1NsTZUnwKzQaNw5RbfJ, "
Nhà hàng Vạn Hỷ,219 Thống Nhất Mới,"4,3",95,100.000-200.000 ₫,Bà Rịa - Vũng Tàu,"https://lh5.googleusercontent.com/p/AF1QipPWXEQCCboFZjGZOUNZsZxLUz-_O6WlEZMkqqwd, https://lh5.googleusercontent.com/p/AF1QipNzOxOe75aiFMry4CQdnAZo5Q5GBWbP0Oa78049, "
Nhà Hàng Hải Đông,Ba Tháng Hai,"4,0",116,200.000-300.000 ₫,Bà Rịa - Vũng Tàu,"https://lh5.googleusercontent.com/p/AF1QipPTWORy-zXJOjl17ioO5cFR40MEFN3invBSm9kM, https://lh5.googleusercontent.com/p/AF1QipNgdJy4KMyyA2bJWL2jv1-f18nD28lx_Li7oJt5, "
Bánh Khọt Cô Ba,1 Đ. Hoàng Hoa Thám,"3,9",4 N,100.000-200.000 ₫,Bà Rịa - Vũng Tàu,"https://lh5.googleusercontent.com/p/AF1QipP9GAcgfCQJ0brKyz-k1ho06mXkazkyjThKIQuB, https://lh5.googleusercontent.com/p/AF1QipOtbIzJ_nb6n94Fw5WmrHiHJDxblGt19wJq5YUN, "
Quán Hạ Thảo,Trần Hưng Đạo,"4,0",271,100.000-200.000 ₫,Bà Rịa - Vũng Tàu,"https://lh5.googleusercontent.com/p/AF1QipO7Qncw_Eda-yME5ZMQkrGPGMSdo-ewC1cAu22v, https://lh5.googleusercontent.com/p/AF1QipOIDBmyU2j3QKJNEarvqUCzLS5-1_NvEbf0683s, "
Ốc Thiên Nhiên,385 Thống Nhất Mới,"4,0",655,100.000-200.000 ₫,Bà Rịa - Vũng Tàu,"https://lh5.googleusercontent.com/p/AF1QipN7uwur81iIjEqMcEHZvKNZ5HqGQN0NwaZQEAGD, https://lh5.googleusercontent.com/p/AF1QipNBn6SC11jpwz9HZWc1J_ShOam819jfoDDEI_p7, "
Asahi Sushi Bà Rịa,39 Nguyễn Hữu Thọ,"3,8",166,None,Bà Rịa - Vũng Tàu,"https://lh5.googleusercontent.com/p/AF1QipOpOxmQeLglJ8tleTxL7iwN3hXimuHdaK4l5eM8, https://lh5.googleusercontent.com/p/AF1QipP9ksfdcn7xa9mpniG2HxAnmbpHzlqoRPzia-Tf, "
Bánh canh ghẹ Ngọc Lâm,88 Lê Lai,"3,7",419,1-100.000 ₫,Bà Rịa - Vũng Tàu,"https://lh5.googleusercontent.com/p/AF1QipMFUfDbd8fH5aCi_trc9jpLoUoyygPSXqc6cIT-, https://lh5.googleusercontent.com/p/AF1QipMGO3j5SPD4RFJ5AVGoNiICrZUk6SzliMuxS2wR, "
Quán Ốc Thiên Nhiên 2,245 Trương Công Định,"4,0","2,1 N",100.000-200.000 ₫,Bà Rịa - Vũng Tàu,"https://lh5.googleusercontent.com/p/AF1QipOgBjPSe04UkcV8rSvuwb-oecfOcqXnAPN4FhHo, https://lh5.googleusercontent.com/p/AF1QipNGRPoWqB5PDrigqG_SFZ0epIXUcxQ1TsJm2PvT, "
Nhà Hàng Thành Phát III,115b Trần Phú,"3,9",315,None,Bà Rịa - Vũng Tàu,"https://lh5.googleusercontent.com/p/AF1QipPPE_GkLq1uYfk92CGkk7sLwCNPzr-4zJG3o7pq, https://lh5.googleusercontent.com/p/AF1QipOBS5X_FpZ5doxwf7C70Py4BdbnuVg-_NtVb2eY, "
Quán 8A - Cơm Canh Chua Cá Kho Tộ,33 Đ. Hoàng Hoa Thám,"4,0",198,100.000-200.000 ₫,Bà Rịa - Vũng Tàu,"https://lh5.googleusercontent.com/p/AF1QipOoeDXSLHzaBGZITbPjOtIZSd0CEW6JjuzbCUpw, https://lh5.googleusercontent.com/p/AF1QipMfrqAGHorbfCRyC2J_2KoDktVnVx7Vuj3qOb4y, "
Ốc Tư Lúa,3vLý Tự Trọng,"3,9",336,100.000-200.000 ₫,Bà Rịa - Vũng Tàu,"https://lh5.googleusercontent.com/p/AF1QipOhWMnp97rKlTakEt4mevWTWH-mU_wIrd15rRS4, https://lh5.googleusercontent.com/p/AF1QipNZMSWz-LA92zq63-2UxKYhju9uUn7ITNH6fRS8, "
Quán Trúc - phục vụ các món ăn nhậu bình dân,133-135 Ngô Quyền,"3,9",301,100.000-200.000 ₫,Bà Rịa - Vũng Tàu,"https://lh5.googleusercontent.com/p/AF1QipMubYaCHr3fAb4o4sSsDG_-hxtUO0IpCiO2kypL, https://lh5.googleusercontent.com/p/AF1QipN83pDPRRg_jVx79AwBps_b71R6PE-EUduuz0Nn, "
Vườn Bàng,239B Lê Hồng Phong,"3,9",167,100.000-200.000 ₫,Bà Rịa - Vũng Tàu,"https://lh5.googleusercontent.com/p/AF1QipMYTEB5hri7N0cNZYrpju34fr1oqSUY1n7etSF8, https://lh5.googleusercontent.com/p/AF1QipMXdq9lc4SWQVza7EkkeRdwvrkkt88FLKPEfwWy, "
Quan Tri Kỷ,Nguyễn Đức Thuận,"3,9",260,None,Bà Rịa - Vũng Tàu,"https://lh5.googleusercontent.com/p/AF1QipO-0ZPW0F9uLR0QjcqZA8PT1qYH4U-x3xduPwA, https://lh5.googleusercontent.com/p/AF1QipNSB93208KToVBnuQ04LRu_ZgMvOkCvAoM2arMk, "
Quán sơn dê - dê núi ninh bình,332 Lê Hồng Phong,"4,1",289,200.000-300.000 ₫,Bà Rịa - Vũng Tàu,"https://lh5.googleusercontent.com/p/AF1QipMasOqmBUSj52mLYViCW3ARztaFeWGVAxloNTWT, https://lh5.googleusercontent.com/p/AF1QipPw_5uysJZXqQIp-Aaap75ZvH4I0OhAVkjgyMC1, "
Nhà Hàng Điểm Nhớ,"128 ô1, kp.Thanh Bình, Bà Rịa Vũng Tàu","4,4",93,100.000-200.000 ₫,Bà Rịa - Vũng Tàu,"https://lh5.googleusercontent.com/p/AF1QipM2RGGyWVMc23FnaD_bgtMTBIUW4X4ZpFDrKqc, https://lh5.googleusercontent.com/p/AF1QipPuM626AT__e0ehzzoXb9c7sRaTBtoRuUmewAoH, "
Hàu Thanh Hương,"C7FV+855, 211 Trần Hưng Đạo","4,1",412,100.000-200.000 ₫,Bà Rịa - Vũng Tàu,"https://lh5.googleusercontent.com/p/AF1QipPhymWGzTTeNFv-_4KrBoGOloCVj-M4p7ADzvk, https://lh5.googleusercontent.com/p/AF1QipM8KAVFqHXhBy_jskLlhzBWVJ08B_Xh7w90_RFs, "
The Seven Beer Garden,166 Tôn Đức Thắng,"4,5",119,200.000-300.000 ₫,Bà Rịa - Vũng Tàu,"https://lh5.googleusercontent.com/p/AF1QipNiizQAdAqXH-_CdgO2Ff4jyMBdECm2YarwvATl, https://lh5.googleusercontent.com/p/AF1QipNdkyyZKHmMcCG8dPI9KZRZYkRwndU03EsT7Tz5, "
Kỳ Quán 2,"Phố đi bộ, Đường Ven Biển","3,7",312,None,Bà Rịa - Vũng Tàu,"https://lh5.googleusercontent.com/p/AF1QipOEfjHyKeH_Cco-sKXJqBkMFvwR9-luzxVy3yUF, https://lh5.googleusercontent.com/p/AF1QipOi5VtEmPjew2fkZWXKjTTQOsDwZ3HzWgtYj11g, "
Nhà hàng Like Steak,47 Nguyễn Thái Học,"4,3",60,100.000-200.000 ₫,Bà Rịa - Vũng Tàu,"https://lh5.googleusercontent.com/p/AF1QipNYRwgXbp1vHXrO_8lfU4NKvIM4rBR_P1WvJMv5, https://lh5.googleusercontent.com/p/AF1QipN4NkExN_wA_aVmORmKQv0va-v9kBQ2YTm-cqfV, "
"Tiệm Nướng Dậu 9, Bà Rịa",171 Nguyễn Tất Thành,"4,3",22,100.000-200.000 ₫,Bà Rịa - Vũng Tàu,"https://lh5.googleusercontent.com/p/AF1QipNkkp5LsP0PECflF5Z2SAwHkGPeGN9ijqaX42hZ, https://lh5.googleusercontent.com/p/AF1QipOltlHH5dlGBsunxTe5t_uKWECOqVeNHO0_66re, "
NaKa buffet Hải sản,100/16B Đường Xô Viết Nghệ Tĩnh,"4,6",336,100.000-200.000 ₫,Bà Rịa - Vũng Tàu,"https://lh5.googleusercontent.com/p/AF1QipOTK45RAGI1kfWfFMW-C_APlpGqrF0KutCGtDCI, https://lh5.googleusercontent.com/p/AF1QipPzNdZmJGKX8NC8dg8J4xG0B_JKh-5tRaUkZUBW, "
Bè Sang Côn Đảo,Bến Đầm,"4,4",238,None,Bà Rịa - Vũng Tàu,"https://lh5.googleusercontent.com/p/AF1QipMcbihmUF6MwhW4Se6Cc9KdwGObFCWoJ87WNvh7, https://lh5.googleusercontent.com/p/AF1QipMCbouuGs-i66GDJubopo8Ak_eB8FlOOQ1Rr7zp, "
Đặng Ký Mì Gia,120 Nam Kỳ Khởi Nghĩa,"4,4",32,1-100.000 ₫,Bà Rịa - Vũng Tàu,"https://lh5.googleusercontent.com/p/AF1QipNvj8wzukrAIRPmhUUjrGwNd5_J5nc7oL4fPM_a, https://lh5.googleusercontent.com/p/AF1QipN8R-QuwpSayNYWFieFdujHT04Vx3ZyZKsb1nhB, "
NHÀ HÀNG HÀN QUỐC - JINGUK VUNG TAU,"So 7 Lê Hồng Phong Nối dài, 7 Lê Hồng Phong","3,8",108,100.000-200.000 ₫,Bà Rịa - Vũng Tàu,"https://lh5.googleusercontent.com/p/AF1QipMFtRz9KCVbEbhFqHhIVwL4NbKR7EmDLSTNcbhN, https://lh5.googleusercontent.com/p/AF1QipO2EuSAIKpq5wLM_4VCnyVcEWHdbLaCKi6u8Tel, "
Sau An Seafood Restaurant,11/1,"4,0",224,200.000-300.000 ₫,Bà Rịa - Vũng Tàu,"https://lh5.googleusercontent.com/p/AF1QipMD27oWhq0SaGr7LSqg75ml-etZX8eQUj-D7vZi, https://lh5.googleusercontent.com/p/AF1QipMggidpTr2xRpH3Tjv16SBATT29HlbrEdu-aP9K, "
Quán Bảy Cò,552 Trần Phú,"3,4",227,200.000-300.000 ₫,Bà Rịa - Vũng Tàu,"https://lh5.googleusercontent.com/p/AF1QipOLTWPceK0wHKgYn6gWQw2m6IuERjUvLEsrs1q9, https://lh5.googleusercontent.com/p/AF1QipN6OEk4iVoOUnQlLhLzo09clbmNAytbJovS9lH3, "
Quán Ăn Phú Vinh,10-12 Lý Tự Trọng,"4,6",44,100.000-200.000 ₫,Bà Rịa - Vũng Tàu,"https://lh5.googleusercontent.com/p/AF1QipM05TW9EFZTfnm05ABZwviPE5MGg-drR1Vtb2jt, https://lh5.googleusercontent.com/p/AF1QipPxFB52mc7hv6gQw8bYWW-4RCQJ89HPfuUYKRk4, "
Bếp Chay Cỏ Mây - Co May Vegetarian & Vegan Restaurant,77 Đ. Hoàng Hoa Thám,"4,3",267,100.000-200.000 ₫,Bà Rịa - Vũng Tàu,"https://lh5.googleusercontent.com/p/AF1QipNUqbxs2MhmJ5geq7-DL9WZsFMvFzKbhH90_V5o, https://lh5.googleusercontent.com/p/AF1QipPWhIgsO_dpujdZa2dLss2UApsVuNOPHuw3WcCU, "
Quán Cơm Thủy,23 Đinh Tiên Hoàng,"4,9",14,1-100.000 ₫,Bà Rịa - Vũng Tàu,"https://lh5.googleusercontent.com/p/AF1QipME7EXZQ1lWkR3EGEPO5sXuXvhbeHF0TYBpN4JL, https://lh5.googleusercontent.com/p/AF1QipPbMV_wmaqOQJEkNA-pW4lzsN8aeAxp8c9Io102, "
Quán Lẩu Bò 494,2887 Bùi Lâm,"4,1",97,None,Bà Rịa - Vũng Tàu,"https://lh5.googleusercontent.com/p/AF1QipOXE81EQIE_EtXkgECvhVqDaI26LXExL-LqErS2, https://lh5.googleusercontent.com/p/AF1QipP1QZQ4yK7sNztlGfejPZaknEuWnPw9ccdoIrbb, "
Bánh Khọt Cô Ba,12/1 Đ. Hoàng Hoa Thám,"3,9",615,100.000-200.000 ₫,Bà Rịa - Vũng Tàu,"https://lh5.googleusercontent.com/p/AF1QipNs8PUpGCL9DVT9a_ihIHTfbZIYeZq3Wzlk_doG, https://lh5.googleusercontent.com/p/AF1QipN7kmS2vjIkU5AyjVGDwKn1Knhqgsq2UOQwXYJX, "
Phở Biền,645 Trương Công Định,"4,3",203,1-100.000 ₫,Bà Rịa - Vũng Tàu,"https://lh5.googleusercontent.com/p/AF1QipMt2E7AaufOYvJYzvFjNDBTcgjnkTI1agCZ-i8J, https://lh5.googleusercontent.com/p/AF1QipPsvkTki8kt8glTceEbWFu7JP1pWHj47uk9-6ky, "
Lẩu Nấm Oiisi Vũng tàu,41 (cũ Thống Nhất,"3,8",17,None,Bà Rịa - Vũng Tàu,"https://lh5.googleusercontent.com/p/AF1QipNjMr2Ln1_JsWRxckBAqEmWFpgk_po984A3ssyq, https://lh5.googleusercontent.com/p/AF1QipN1wQs_vv5F_9fi5Oy4zj2HDwT0r5ZVVCqZVomC, "
Cô Nên Restaurant & Beer Chill,22 Thống Nhất,"4,2",61,100.000-200.000 ₫,Bà Rịa - Vũng Tàu,"https://lh5.googleusercontent.com/p/AF1QipPMkziqUdfz4XSMPfVj5xeSlvjEkAqVnCdv8R5h, https://lh5.googleusercontent.com/p/AF1QipPrUro0l6XrrVKy0zx47fLNJ3M8GuM-kgZeG--O, "
Quán Ăn Gia Đình,07 Phan Văn Trị,"3,4",17,None,Bà Rịa - Vũng Tàu,"https://lh5.googleusercontent.com/p/AF1QipN2NbwsWmcOMZMweIenWN26yPQsG0AGVGz3Jpf-, https://lh5.googleusercontent.com/p/AF1QipNao_TdB0wvvuVPC0yXpT8Tsk0ZoumkOWnHAQnv, "
Quán Ăn Gia Đình,07 Phan Văn Trị,"3,4",17,None,Bà Rịa - Vũng Tàu,"https://lh5.googleusercontent.com/p/AF1QipN2NbwsWmcOMZMweIenWN26yPQsG0AGVGz3Jpf-, https://lh5.googleusercontent.com/p/AF1QipNao_TdB0wvvuVPC0yXpT8Tsk0ZoumkOWnHAQnv, "
Bánh canh Bề Bề,42 Đường Xô Viết Nghệ Tĩnh,"4,1",424,1-100.000 ₫,Bà Rịa - Vũng Tàu,"https://lh5.googleusercontent.com/p/AF1QipOLPkOknB_tQQ14pI-7YEYAkIO8gUcy24TfCLKv, https://lh5.googleusercontent.com/p/AF1QipOpk5mUMSDWOoKUPBjbsY4k9NlkkkmVikpq65xT, "
Trung tâm hội nghị tiệc cưới Hải Phương,695 Đ. 30 Tháng 4,"4,2","1,3 N",None,Bà Rịa - Vũng Tàu,"https://lh5.googleusercontent.com/p/AF1QipPASEhMHjCnDAYYFxnw2Y3irM7dVXXhNRXJskXg, https://lh5.googleusercontent.com/p/AF1QipMCfux9DvQA1levqPp9FUiAGVZR5DW2bAtOUhn9, "
Quán La Cà 3,600 Bình Giã,"3,7",492,None,Bà Rịa - Vũng Tàu,"https://lh5.googleusercontent.com/p/AF1QipNHHp3wD2fJ6XoOZRDEq0EK2OLip9go0snupEHb, https://lh5.googleusercontent.com/p/AF1QipPMWGBmB-szEVZrZQpl1oXVrPPhplWHCxtEJPVI, "
Bé bự’s Food,48 Nam Kỳ Khởi Nghĩa,"4,0",27,None,Bà Rịa - Vũng Tàu,"https://lh5.googleusercontent.com/p/AF1QipPPpR4zsnt6kXGpJrWNzlmgzcrGGVNkbTQsgFOQ, https://lh5.googleusercontent.com/p/AF1QipPjB8lfeb-ZYvvBxEsUz1HJT-fDHLY9Yd-rqCO_, "
Quán ăn Hai Củ - Cơm Gà Tàu Xì Hải Nam,38a Bạch Đằng,"4,7",3,None,Bà Rịa - Vũng Tàu,"https://lh5.googleusercontent.com/p/AF1QipPQI3c72uAFl5npgWo_yvmGOE9rvq05web10x8s, https://lh5.googleusercontent.com/p/AF1QipON7BizpY9ivuf5BBVzEkXB56iDnP0QDsiNC-uf, "
Quán 6D (Sáu Gặp),31 Nguyễn Trường Tộ,"3,8",124,200.000-300.000 ₫,Bà Rịa - Vũng Tàu,"https://lh5.googleusercontent.com/p/AF1QipP2vpBeI73UzV9PPqnJFQ6YSYFqwUAyTQz_fKuj, https://lh5.googleusercontent.com/p/AF1QipNB2E5NSYdvdrSXo5m8G84Jpwjz69uuM-cTjW96, "
Phở Bắc Trung Hoa,936R+8V6,"4,1",85,1-100.000 ₫,Bà Rịa - Vũng Tàu,"https://lh5.googleusercontent.com/p/AF1QipOCmoSxiJEWgi3gX7uw4-j_4KbK_PuEQ0GjDG4S, https://lh5.googleusercontent.com/p/AF1QipNjoNImfvBfIN19oFlSFZ-shp0CDUFdKjZzIOVD, "
Bà Rịa - Vũng Tàu,None,Chưa xét,0,None,Bà Rịa - Vũng Tàu,
THO-R Restaurant - Ẩm thực châu Âu nguyên liệu Việt,345 đường Nguyễn Văn Linh,"3,6",25,None,Bà Rịa - Vũng Tàu,"https://lh5.googleusercontent.com/p/AF1QipOMuESEqIkkl7cs6EpyFYlSmsSPy-xSqEHG8DE, https://lh5.googleusercontent.com/p/AF1QipM0F-ewrMlMzWRuGsM7Xbh3Hl5YI_AcqE1noPI, "
CHIP CHIP Food&More,345 Nguyễn Văn Linh,"4,0",10,None,Bà Rịa - Vũng Tàu,"https://lh5.googleusercontent.com/p/AF1QipPe0TNJhe1iutgQlNSkBTlQRtxqaRlFNYYEFC0E, https://lh5.googleusercontent.com/p/AF1QipPt3pFs0jKIiWTXOhoZCKBnNnD5Ura0UZzfflmM, "
Tiệm nướng 1996,45 Nam Quốc Cang,"3,5",34,100.000-200.000 ₫,Bà Rịa - Vũng Tàu,"https://lh5.googleusercontent.com/p/AF1QipP-rpeQRL7Ft0qqMPECSS4HLSzf4ROZfWX2XDzN, https://lh5.googleusercontent.com/p/AF1QipMP5OGEppINLcs5OzUHbgwO-vitutgsoRt8SOra, "
Ốc 9,2 Lê Hồng Phong,"3,9",191,100.000-200.000 ₫,Bà Rịa - Vũng Tàu,"https://lh5.googleusercontent.com/p/AF1QipMOnPt95RDoOVTTKy5yb4xUCLZPORPEUudLGlF3, https://lh5.googleusercontent.com/p/AF1QipO8T5TWARmzPLiD6exJ7ooY6G4jlwbD9oNmRZxG, "
Nhà Hàng Sò Vàng,"Khu du lịch Biển Đông, Cổng 4, 8 Thùy Vân","3,6",340,None,Bà Rịa - Vũng Tàu,"https://lh5.googleusercontent.com/p/AF1QipOPF9tw_ev730UfFvvisg_t3VXrtSc3yOF0jebY, https://lh5.googleusercontent.com/p/AF1QipOZjBkl7UymXls_rsWlXtq40gnoFt6z_cJEPdaw, "
UP Garden Cafe,381/4 Cách Mạng Tháng Tám,"4,4",238,1-100.000 ₫,Bà Rịa - Vũng Tàu,"https://lh5.googleusercontent.com/p/AF1QipPq2lfpGVLKfx3RiYZ6TKIaCSGwXAtKBclzXL8I, https://lh5.googleusercontent.com/p/AF1QipPHt83nDm-ppRmLrAxFuUAnT61dVtBaN-edjWbl, "
Cơm Gà Xối Mỡ 38,37 Nguyễn Tất Thành,"4,4",18,None,Bà Rịa - Vũng Tàu,"https://lh5.googleusercontent.com/p/AF1QipNzuno0c7HSiZIlO2B0aeqKaOaDpqnMCpWbL0In, https://lh5.googleusercontent.com/p/AF1QipPl16cn8LMf74C-vEdQ3wK1ZzoGl7FN5JjQieLu, "
Hương Phong Hồ Cốc Beach Resort,Đường Ven Biển,"4,0","3,3 N",None,Bà Rịa - Vũng Tàu,"https://lh5.googleusercontent.com/p/AF1QipMOg620Zl0T9lqMOEnrTzEJg67HU7uFtkuGlsTV, https://lh5.googleusercontent.com/p/AF1QipNswgffScyd4L7WeJaaS6JyLefHEV9sFltJkyuF, "
Canh bún Bé La,24/1 Tú Xương,"3,9",191,1-100.000 ₫,Bà Rịa - Vũng Tàu,"https://lh5.googleusercontent.com/p/AF1QipOJ5NiS1_Uihq32gc_ApdrarF49ZdODIUyGPpBC, https://lh5.googleusercontent.com/p/AF1QipPUKm9N-9Sj9P4e6xxjAutztekn-UbLQLn12h49, "
Tứ Phương Thất Đảo,Đường số 09N,"3,5",305,None,Bà Rịa - Vũng Tàu,"https://lh5.googleusercontent.com/p/AF1QipMcUIf_5PPQ1pOkGdAk1euL12cuPlPEaUFM7fyw, https://lh5.googleusercontent.com/p/AF1QipN2h_RRhe3Nxhweef8JpqfG_J40ssPQPkVlNZv8, "
Bố Tài Quán,465 Cách Mạng Tháng Tám,"3,2",24,200.000-300.000 ₫,Bà Rịa - Vũng Tàu,"https://lh5.googleusercontent.com/p/AF1QipNEfPkv0zDvP6LFBenrbd9XP5Figoyoj-pD5h4T, https://lh5.googleusercontent.com/p/AF1QipNm-PCqEdROvXMLvkSJcSHAw6FGOkeqdEMuu4c4, "
